{
  "userRole": "mentor",
  "editable": {
    "inductee": false,
    "building": false,
    "assignment": false,
    "mentorTeacher": false,
    "schoolYearOne": false,
    "schoolYearTwo": false,
    "summerAcademy": false,
    "inductionSeminars": false,
    "mentorMeetings": false,
    "teamMeetings": false,
    "classroomVisits": false,
    "otherActivities": false,
    "signatures": false,
    "verifications": {
      "summerAcademy": true,
      "inductionSeminars": true,
      "mentorMeetings": true,
      "teamMeetings": true,
      "classroomVisits": true,
      "otherActivities": true
    }
  },
  "options":{
    "mentors": [{"name": "Dr. Sarah Johnson", "dcid": "Dr. Sarah Johnson"}, {"name": "Patti Smith", "dcid": "Patti Smith"}, {"name": "Ada Lovelace", "dcid": "Ada Lovelace"}],
    "buildings": [
      {"name": "Valley Forge Elementary", "dcid": "Valley Forge Elementary"},
      {"name": "Conestoga High School", "dcid": "Conestoga High School"},
      {"name": "Great Valley Middle School", "dcid": "Great Valley Middle School"},
      {"name": "Hillside Elementary", "dcid": "Hillside Elementary"}
    ],
    "assignments": [
      {"name": "Special Education", "dcid": "Special Education"},
      {"name": "Resource Room", "dcid": "Resource Room"},
      {"name": "Inclusion Support", "dcid": "Inclusion Support"},
      {"name": "Life Skills", "dcid": "Life Skills"}
    ],
    "schoolYears": [
      {"name": "2024-2025", "dcid": "2024-2025"},
      {"name": "2025-2026", "dcid": "2025-2026"},
      {"name": "2026-2027", "dcid": "2026-2027"}
    ]
  },
  "data": {
    "inductee": "Amanda Wilson",
    "building": "Hillside Elementary",
    "assignment": "Special Education",
    "mentorTeacher": "Dr. Sarah Johnson",
    "schoolYearOne": "2024-2025",
    "schoolYearTwo": "2025-2026",
    "summerAcademy": [
      { "day": "Day 1", "dateYearOne": "2024-08-15", "dateYearTwo": "", "verification": "SJ" },
      { "day": "Day 2", "dateYearOne": "2024-08-16", "dateYearTwo": "", "verification": "SJ" },
      { "day": "Day 3", "dateYearOne": "2024-08-17", "dateYearTwo": "", "verification": "SJ" },
      { "day": "Day 4", "dateYearOne": "2024-08-18", "dateYearTwo": "", "verification": "SJ" }
    ],
    "inductionSeminars": [
      { "number": 1, "topic": "Classroom Management", "dateYearOne": "2024-09-10", "dateYearTwo": "", "verification": "SJ" },
      { "number": 2, "topic": "Differentiated Instruction", "dateYearOne": "2024-10-15", "dateYearTwo": "", "verification": "SJ" },
      { "number": 3, "topic": "Assessment Strategies", "dateYearOne": "2024-11-12", "dateYearTwo": "", "verification": "SJ" },
      { "number": 4, "topic": "Technology Integration", "dateYearOne": "2024-12-10", "dateYearTwo": "", "verification": "" }
    ],
    "mentorMeetings": [
      { "date": "2024-09-05", "topic": "IEP Review Process", "dateYearOne": "2024-09-05", "dateYearTwo": "", "verification": "SJ" },
      { "date": "2024-10-03", "topic": "Behavior Management Strategies", "dateYearOne": "2024-10-03", "dateYearTwo": "", "verification": "SJ" },
      { "date": "2024-11-07", "topic": "Parent Communication", "dateYearOne": "2024-11-07", "dateYearTwo": "", "verification": "SJ" },
      { "date": "2024-12-05", "topic": "Data Collection Methods", "dateYearOne": "2024-12-05", "dateYearTwo": "", "verification": "" }
    ],
    "teamMeetings": [
      { "date": "2024-09-12", "topic": "Special Education Team Meeting", "dateYearOne": "2024-09-12", "dateYearTwo": "", "verification": "SJ" },
      { "date": "2024-10-10", "topic": "Student Support Planning", "dateYearOne": "2024-10-10", "dateYearTwo": "", "verification": "SJ" },
      { "date": "2024-11-14", "topic": "IEP Meeting Preparation", "dateYearOne": "2024-11-14", "dateYearTwo": "", "verification": "" }
    ],
    "classroomVisits": [
      { "date": "2024-09-20", "teacher": "Karen Foster", "subject": "Inclusion Classroom", "dateYearOne": "2024-09-20", "dateYearTwo": "", "verification": "SJ" },
      { "date": "2024-10-18", "teacher": "Thomas Lee", "subject": "Resource Room", "dateYearOne": "2024-10-18", "dateYearTwo": "", "verification": "SJ" },
      { "date": "2024-11-15", "teacher": "Maria Gonzalez", "subject": "Life Skills", "dateYearOne": "2024-11-15", "dateYearTwo": "", "verification": "" }
    ],
    "otherActivities": [
      { "date": "2024-09-25", "activity": "Special Education Workshop", "dateYearOne": "2024-09-25", "dateYearTwo": "", "verification": "SJ" },
      { "date": "2024-10-31", "activity": "Parent Advocacy Training", "dateYearOne": "2024-10-31", "dateYearTwo": "", "verification": "SJ" },
      { "date": "2024-11-20", "activity": "Assistive Technology Fair", "dateYearOne": "2024-11-20", "dateYearTwo": "", "verification": "" }
    ],
    "signatures": {
      "mentorTeacher": "",
      "buildingPrincipal": "",
      "superintendent": "",
      "date": ""
    }
  }
}
