{
  "userRole": "mentor",
  "editable": {
    "inductee": false,
    "building": false,
    "assignment": false,
    "mentorTeacher": false,
    "schoolYearOne": false,
    "schoolYearTwo": false,
    "summerAcademy": false,
    "inductionSeminars": false,
    "mentorMeetings": false,
    "teamMeetings": false,
    "classroomVisits": false,
    "otherActivities": false,
    "signatures": false,
    "verifications": {
      "summerAcademy": true,
      "inductionSeminars": true,
      "mentorMeetings": true,
      "teamMeetings": true,
      "classroomVisits": true,
      "otherActivities": true
    }
  },
  "options":{
    "mentors": [{"name": "Dr. Sarah Johnson", "dcid": "Dr. Sarah Johnson"}, {"name": "Patti Smith", "dcid": "Patti Smith"}, {"name": "Ada Lovelace", "dcid": "Ada Lovelace"}],
    "buildings": [
      {"name": "Valley Forge Elementary", "dcid": "Valley Forge Elementary"},
      {"name": "Conestoga High School", "dcid": "Conestoga High School"},
      {"name": "Great Valley Middle School", "dcid": "Great Valley Middle School"},
      {"name": "Hillside Elementary", "dcid": "Hillside Elementary"}
    ],
    "assignments": [
      {"name": "2nd Grade", "dcid": "2nd Grade"},
      {"name": "3rd Grade", "dcid": "3rd Grade"},
      {"name": "4th Grade", "dcid": "4th Grade"},
      {"name": "5th Grade", "dcid": "5th Grade"},
      {"name": "Kindergarten", "dcid": "Kindergarten"},
      {"name": "1st Grade", "dcid": "1st Grade"}
    ],
    "schoolYears": [
      {"name": "2024-2025", "dcid": "2024-2025"},
      {"name": "2025-2026", "dcid": "2025-2026"},
      {"name": "2026-2027", "dcid": "2026-2027"}
    ]
  },
  "data": {
    "inductee": "David Park",
    "building": "Valley Forge Elementary",
    "assignment": "5th Grade",
    "mentorTeacher": "Dr. Sarah Johnson",
    "schoolYearOne": "2024-2025",
    "schoolYearTwo": "2025-2026",
    "summerAcademy": [
      { "day": "Day 1", "dateYearOne": "2024-08-15", "dateYearTwo": "", "verification": "" },
      { "day": "Day 2", "dateYearOne": "2024-08-16", "dateYearTwo": "", "verification": "" },
      { "day": "Day 3", "dateYearOne": "2024-08-17", "dateYearTwo": "", "verification": "" },
      { "day": "Day 4", "dateYearOne": "2024-08-18", "dateYearTwo": "", "verification": "" }
    ],
    "inductionSeminars": [
      { "number": 1, "topic": "Classroom Management", "dateYearOne": "2024-09-10", "dateYearTwo": "", "verification": "" },
      { "number": 2, "topic": "Differentiated Instruction", "dateYearOne": "", "dateYearTwo": "", "verification": "" },
      { "number": 3, "topic": "Assessment Strategies", "dateYearOne": "", "dateYearTwo": "", "verification": "" },
      { "number": 4, "topic": "Technology Integration", "dateYearOne": "", "dateYearTwo": "", "verification": "" }
    ],
    "mentorMeetings": [
      { "date": "2024-09-05", "topic": "First Week Reflection", "dateYearOne": "2024-09-05", "dateYearTwo": "", "verification": "" },
      { "date": "2024-10-03", "topic": "Goal Setting", "dateYearOne": "", "dateYearTwo": "", "verification": "" }
    ],
    "teamMeetings": [
      { "date": "2024-09-12", "topic": "Grade Level Planning", "dateYearOne": "", "dateYearTwo": "", "verification": "" }
    ],
    "classroomVisits": [
      { "date": "2024-09-20", "teacher": "Linda Martinez", "subject": "Reading Centers", "dateYearOne": "", "dateYearTwo": "", "verification": "" }
    ],
    "otherActivities": [
      { "date": "2024-09-25", "activity": "Open House", "dateYearOne": "", "dateYearTwo": "", "verification": "" }
    ],
    "signatures": {
      "mentorTeacher": "",
      "buildingPrincipal": "",
      "superintendent": "",
      "date": ""
    }
  }
}
