{
  "userRole": "mentor",
  "editable": {
    "inductee": false,
    "building": false,
    "assignment": false,
    "mentorTeacher": false,
    "schoolYearOne": false,
    "schoolYearTwo": false,
    "summerAcademy": false,
    "inductionSeminars": false,
    "mentorMeetings": false,
    "teamMeetings": false,
    "classroomVisits": false,
    "otherActivities": false,
    "signatures": false,
    "verifications": {
      "summerAcademy": true,
      "inductionSeminars": true,
      "mentorMeetings": true,
      "teamMeetings": true,
      "classroomVisits": true,
      "otherActivities": true
    }
  },
  "options":{
    "mentors": [{"name": "Robert Johnson", "dcid": "Robert Johnson"}, {"name": "Patti Smith", "dcid": "Patti Smith"}, {"name": "Ada Lovelace", "dcid": "Ada Lovelace"}],
    "buildings": [
      {"name": "Edison Elementary", "dcid": "Edison Elementary"},
      {"name": "Lincoln High School", "dcid": "Lincoln High School"},
      {"name": "Roosevelt Middle School", "dcid": "Roosevelt Middle School"}
    ],
    "assignments": [
      {"name": "2nd Grade", "dcid": "2nd Grade"},
      {"name": "3rd Grade", "dcid": "3rd Grade"},
      {"name": "4th Grade", "dcid": "4th Grade"},
      {"name": "5th Grade", "dcid": "5th Grade"},
      {"name": "6th Grade Math", "dcid": "6th Grade Math"},
      {"name": "7th Grade Math", "dcid": "7th Grade Math"},
      {"name": "8th Grade Math", "dcid": "8th Grade Math"}
    ],
    "schoolYears": [
      {"name": "2024-2025", "dcid": "2024-2025"},
      {"name": "2025-2026", "dcid": "2025-2026"},
      {"name": "2026-2027", "dcid": "2026-2027"}
    ]
  },
  "data": {
    "inductee": "Sarah Johnson",
    "building": "Roosevelt Middle School",
    "assignment": "6th Grade Math",
    "mentorTeacher": "Robert Johnson",
    "schoolYearOne": "2024-2025",
    "schoolYearTwo": "2025-2026",
    "summerAcademy": [
      { "day": "Day 1", "dateYearOne": "2024-08-15", "dateYearTwo": "", "verification": "RJ" },
      { "day": "Day 2", "dateYearOne": "2024-08-16", "dateYearTwo": "", "verification": "RJ" },
      { "day": "Day 3", "dateYearOne": "2024-08-17", "dateYearTwo": "", "verification": "RJ" },
      { "day": "Day 4", "dateYearOne": "2024-08-18", "dateYearTwo": "", "verification": "RJ" }
    ],
    "inductionSeminars": [
      { "number": 1, "topic": "Classroom Management", "dateYearOne": "2024-09-10", "dateYearTwo": "", "verification": "RJ" },
      { "number": 2, "topic": "Differentiated Instruction", "dateYearOne": "2024-10-15", "dateYearTwo": "", "verification": "RJ" },
      { "number": 3, "topic": "Assessment Strategies", "dateYearOne": "2024-11-12", "dateYearTwo": "", "verification": "RJ" },
      { "number": 4, "topic": "Technology Integration", "dateYearOne": "2024-12-10", "dateYearTwo": "", "verification": "" }
    ],
    "mentorMeetings": [
      { "date": "2024-09-05", "topic": "First Week Reflection", "dateYearOne": "2024-09-05", "dateYearTwo": "", "verification": "RJ" },
      { "date": "2024-10-03", "topic": "Math Strategies Discussion", "dateYearOne": "2024-10-03", "dateYearTwo": "", "verification": "RJ" },
      { "date": "2024-11-07", "topic": "Student Progress Review", "dateYearOne": "2024-11-07", "dateYearTwo": "", "verification": "RJ" },
      { "date": "2024-12-05", "topic": "Winter Break Planning", "dateYearOne": "2024-12-05", "dateYearTwo": "", "verification": "" }
    ],
    "teamMeetings": [
      { "date": "2024-09-12", "topic": "Math Department Alignment", "dateYearOne": "2024-09-12", "dateYearTwo": "", "verification": "RJ" },
      { "date": "2024-10-10", "topic": "RTI Planning", "dateYearOne": "2024-10-10", "dateYearTwo": "", "verification": "RJ" },
      { "date": "2024-11-14", "topic": "Progress Monitoring", "dateYearOne": "2024-11-14", "dateYearTwo": "", "verification": "" }
    ],
    "classroomVisits": [
      { "date": "2024-09-20", "teacher": "Jennifer Adams", "subject": "7th Grade Math", "dateYearOne": "2024-09-20", "dateYearTwo": "", "verification": "RJ" },
      { "date": "2024-10-18", "teacher": "David Wilson", "subject": "8th Grade Algebra", "dateYearOne": "2024-10-18", "dateYearTwo": "", "verification": "RJ" },
      { "date": "2024-11-15", "teacher": "Lisa Brown", "subject": "6th Grade Math", "dateYearOne": "2024-11-15", "dateYearTwo": "", "verification": "" }
    ],
    "otherActivities": [
      { "date": "2024-09-25", "activity": "Math Night Planning", "dateYearOne": "2024-09-25", "dateYearTwo": "", "verification": "RJ" },
      { "date": "2024-10-31", "activity": "Fall Parent Conferences", "dateYearOne": "2024-10-31", "dateYearTwo": "", "verification": "RJ" },
      { "date": "2024-11-20", "activity": "Math Competition Prep", "dateYearOne": "2024-11-20", "dateYearTwo": "", "verification": "" }
    ],
    "signatures": {
      "mentorTeacher": "",
      "buildingPrincipal": "",
      "superintendent": "",
      "date": ""
    }
  }
}
