{
  "userRole": "mentee",
  "editable": {
    "inductee": true,
    "building": true,
    "assignment": true,
    "mentorTeacher": true,
    "schoolYearOne": true,
    "schoolYearTwo": true,
    "summerAcademy": true,
    "inductionSeminars": true,
    "mentorMeetings": true,
    "teamMeetings": true,
    "classroomVisits": true,
    "otherActivities": true,
    "signatures": true,
    "verifications": {
      "summerAcademy": true,
      "inductionSeminars": true,
      "mentorMeetings": true,
      "teamMeetings": true,
      "classroomVisits": true,
      "otherActivities": true
    }
  },
  "options":{
    "mentors": [{"name": "Robert Johnson", "dcid": "Robert Johnson"}, {"name": "Patti Smith", "dcid": "Patti Smith"}, {"name": "Ada Lovelace", "dcid": "Ada Lovelace"}],
    "buildings": [
      {"name": "Edison Elementary", "dcid": "Edison Elementary"},
      {"name": "Lincoln High School", "dcid": "Lincoln High School"},
      {"name": "Roosevelt Middle School", "dcid": "Roosevelt Middle School"}
    ],
    "assignments": [
      {"name": "2nd Grade", "dcid": "2nd Grade"},
      {"name": "3rd Grade", "dcid": "3rd Grade"},
      {"name": "4th Grade", "dcid": "4th Grade"},
      {"name": "5th Grade", "dcid": "5th Grade"}
    ],
    "schoolYears": [
      {"name": "2024-2025", "dcid": "2024-2025"},
      {"name": "2025-2026", "dcid": "2025-2026"},
      {"name": "2026-2027", "dcid": "2026-2027"}
    ]
  },
  "data": {
    "inductee": "Jane Smith",
    "building": "Edison Elementary",
    "assignment": "2nd Grade",
    "mentorTeacher": "Robert Johnson",
    "schoolYearOne": "2024-2025",
    "schoolYearTwo": "2025-2026",
    "summerAcademy": [
      { "day": "Day 1", "dateYearOne": "2024-08-15", "dateYearTwo": "", "verification": "RJ" },
      { "day": "Day 2", "dateYearOne": "2024-08-16", "dateYearTwo": "", "verification": "RJ" },
      { "day": "Day 3", "dateYearOne": "2024-08-17", "dateYearTwo": "", "verification": "" },
      { "day": "Day 4", "dateYearOne": "2024-08-18", "dateYearTwo": "", "verification": "" }
    ],
    "inductionSeminars": [
      { "number": 1, "topic": "Classroom Management", "dateYearOne": "2024-09-10", "dateYearTwo": "", "verification": "RJ" },
      { "number": 2, "topic": "Differentiated Instruction", "dateYearOne": "2024-10-15", "dateYearTwo": "", "verification": "" },
      { "number": 3, "topic": "Assessment Strategies", "dateYearOne": "", "dateYearTwo": "", "verification": "" },
      { "number": 4, "topic": "Technology Integration", "dateYearOne": "", "dateYearTwo": "", "verification": "" }
    ],
    "mentorMeetings": [
      { "date": "2024-09-05", "topic": "First Week Reflection", "dateYearOne": "2024-09-05", "dateYearTwo": "", "verification": "RJ" },
      { "date": "2024-10-03", "topic": "Parent-Teacher Conferences Prep", "dateYearOne": "2024-10-03", "dateYearTwo": "", "verification": "RJ" }
    ],
    "teamMeetings": [
      { "date": "2024-09-12", "topic": "Grade Level Planning", "dateYearOne": "2024-09-12", "dateYearTwo": "", "verification": "RJ" }
    ],
    "classroomVisits": [
      { "date": "2024-09-20", "teacher": "Sarah Williams", "subject": "Reading Workshop", "dateYearOne": "2024-09-20", "dateYearTwo": "", "verification": "RJ" }
    ],
    "otherActivities": [
      { "date": "2024-09-25", "activity": "Parent Night", "dateYearOne": "2024-09-25", "dateYearTwo": "", "verification": "RJ" }
    ],
    "signatures": {
      "mentorTeacher": "",
      "buildingPrincipal": "",
      "superintendent": "",
      "date": ""
    }
  }
}