{
  "userRole": "admin",
  "editable": {
    "inductee": true,
    "building": true,
    "assignment": true,
    "mentorTeacher": true,
    "schoolYearOne": true,
    "schoolYearTwo": true,
    "summerAcademy": true,
    "inductionSeminars": true,
    "mentorMeetings": true,
    "teamMeetings": true,
    "classroomVisits": true,
    "otherActivities": true,
    "signatures": true,
    "verifications": {
      "summerAcademy": true,
      "inductionSeminars": true,
      "mentorMeetings": true,
      "teamMeetings": true,
      "classroomVisits": true,
      "otherActivities": true
    }
  },
  "options":{
    "mentors": [{"name": "Robert Johnson", "dcid": 1234}, {"name": "Patti Smith", "dcid": 4321}, {"name": "Ada Lovelace", "dcid": 1122}],
    "buildings": [],
    "assignments": [],
    "schoolYears": []
  },
  "data": {
    "inductee": "Jane Smith",
    "building": "Edison Elementary",
    "assignment": "2nd Grade",
    "mentorTeacher": "Robert Lovelace",
    "schoolYearOne": "2024-2025",
    "schoolYearTwo": "2025-2026",
    "summerAcademy": [
      { "day": "Day 1", "dateYearOne": "2024-08-15", "dateYearTwo": "", "verification": "RJ" },
      { "day": "Day 2", "dateYearOne": "2024-08-16", "dateYearTwo": "", "verification": "RJ" },
      { "day": "Day 3", "dateYearOne": "2024-08-17", "dateYearTwo": "", "verification": "" },
      { "day": "Day 4", "dateYearOne": "2024-08-18", "dateYearTwo": "", "verification": "" }
    ],
    "inductionSeminars": [
      { "number": 1, "topic": "Classroom Management", "dateYearOne": "2024-09-10", "dateYearTwo": "", "verification": "RJ" },
      { "number": 2, "topic": "Differentiated Instruction", "dateYearOne": "2024-10-15", "dateYearTwo": "", "verification": "" },
      { "number": 3, "topic": "Assessment Strategies", "dateYearOne": "", "dateYearTwo": "", "verification": "" },
      { "number": 4, "topic": "Technology Integration", "dateYearOne": "", "dateYearTwo": "", "verification": "" }
    ],
    "mentorMeetings": [
      { "date": "2024-09-05", "topic": "First Week Reflection", "dateYearOne": "2024-09-05", "dateYearTwo": "", "verification": "RJ" },
      { "date": "2024-10-03", "topic": "Parent-Teacher Conferences Prep", "dateYearOne": "2024-10-03", "dateYearTwo": "", "verification": "RJ" }
    ],
    "teamMeetings": [
      { "date": "2024-09-12", "topic": "Grade Level Planning", "dateYearOne": "2024-09-12", "dateYearTwo": "", "verification": "RJ" }
    ],
    "classroomVisits": [
      { "date": "2024-09-20", "teacher": "Sarah Williams", "subject": "Reading Workshop", "dateYearOne": "2024-09-20", "dateYearTwo": "", "verification": "RJ" }
    ],
    "otherActivities": [
      { "date": "2024-09-25", "activity": "Parent Night", "dateYearOne": "2024-09-25", "dateYearTwo": "", "verification": "RJ" }
    ],
    "signatures": {
      "mentorTeacher": "",
      "buildingPrincipal": "",
      "superintendent": "",
      "date": ""
    }
  }
}