{
  "pages": [
    {
      "htmlID": "navPsTeacherInductionLog",
      "title": "Teacher Induction Log",
      "version": "25.07.05",
      "districtLevelContext": 0,
      "pageURL": "/admin/faculty/teacher-induction-log.html?frn=~(teacherfrn)",
      "parentHTMLID": "navStaffStaffDetails"
    },
    {
      "htmlID": "navPsTeacherInductionLogAdmin",
      "title": "Teacher Induction Log Administration",
      "version": "25.07.05",
      "districtLevelContext": 0,
      "pageURL": "/admin/teacher-induction-log/teacher-induction-log-admin.html",
      "parentHTMLID": "navApplicationsSection"
    }
  ]
}