{
  "userRole": "mentor",
  "editable": {
    "inductee": false,
    "building": false,
    "assignment": false,
    "mentorTeacher": false,
    "schoolYearOne": false,
    "schoolYearTwo": false,
    "summerAcademy": false,
    "inductionSeminars": false,
    "mentorMeetings": false,
    "teamMeetings": false,
    "classroomVisits": false,
    "otherActivities": false,
    "signatures": false,
    "verifications": {
      "summerAcademy": true,
      "inductionSeminars": true,
      "mentorMeetings": true,
      "teamMeetings": true,
      "classroomVisits": true,
      "otherActivities": true
    }
  },
  "options": {
    "mentors": ~[tlist_sql;
      SELECT JSON_ARRAYAGG(
        JSON_OBJECT( * )
        ORDER BY foo."name"
        RETURNING CLOB
      ) obj
      FROM (
        SELECT DISTINCT 
          teachers.FIRST_NAME || ' ' || teachers.last_name "name",
          teachers.FIRST_NAME || ' ' || teachers.last_name "dcid"
        FROM teachers
        WHERE ( teachers.SCHOOLID = ~(curschoolid) OR '~(curschoolid)' = '0' )
          AND teachers.STATUS = 1
          AND teachers.PTACCESS = 1
      ) foo;
    ;]~(json_string)[/tlist_sql],
    "buildings": ~[tlist_sql;
      SELECT JSON_ARRAYAGG(
        JSON_OBJECT( * )
        ORDER BY foo."name"
        RETURNING CLOB
      ) obj
      FROM (
        SELECT schools.name "name", schools.name "dcid"
        FROM schools
        WHERE (schools.SCHOOL_NUMBER BETWEEN 2000 AND 5000 OR schools.SCHOOL_NUMBER = 3)
      ) foo;
    ;]~(json_string)[/tlist_sql],
    "assignments": [],
    "schoolYears": ~[tlist_sql;
      SELECT JSON_ARRAYAGG(
        JSON_OBJECT( * )
        ORDER BY foo."name" DESC
        RETURNING CLOB
      ) obj
      FROM (
        SELECT DISTINCT
          terms.name "name",
          terms.name "dcid"
        FROM TERMS
        WHERE terms.ABBREVIATION LIKE '%-%'
      ) foo;
    ;]~(json_string)[/tlist_sql]
  },
  "data": ~[tlist_sql;
    -- Get the mentee data for mentee001 (this would be parameterized in production)
    SELECT 
      CASE 
        WHEN induction_log.json_clob IS NOT NULL THEN induction_log.json_clob
        ELSE JSON_OBJECT(
          'inductee' VALUE COALESCE(t.first_name || ' ' || t.last_name, 'Emily Rodriguez'),
          'building' VALUE COALESCE(s.name, 'Valley Forge Elementary'),
          'assignment' VALUE COALESCE(t.title, '3rd Grade'),
          'mentorTeacher' VALUE 'Robert Johnson',
          'schoolYearOne' VALUE '2024-2025',
          'schoolYearTwo' VALUE '2025-2026',
          'summerAcademy' VALUE JSON_ARRAY(
            JSON_OBJECT('day' VALUE 'Day 1', 'dateYearOne' VALUE '2024-08-15', 'dateYearTwo' VALUE '', 'verification' VALUE 'RJ'),
            JSON_OBJECT('day' VALUE 'Day 2', 'dateYearOne' VALUE '2024-08-16', 'dateYearTwo' VALUE '', 'verification' VALUE 'RJ'),
            JSON_OBJECT('day' VALUE 'Day 3', 'dateYearOne' VALUE '2024-08-17', 'dateYearTwo' VALUE '', 'verification' VALUE ''),
            JSON_OBJECT('day' VALUE 'Day 4', 'dateYearOne' VALUE '2024-08-18', 'dateYearTwo' VALUE '', 'verification' VALUE '')
          ),
          'inductionSeminars' VALUE JSON_ARRAY(
            JSON_OBJECT('number' VALUE 1, 'topic' VALUE 'Classroom Management', 'dateYearOne' VALUE '2024-09-10', 'dateYearTwo' VALUE '', 'verification' VALUE 'RJ'),
            JSON_OBJECT('number' VALUE 2, 'topic' VALUE 'Differentiated Instruction', 'dateYearOne' VALUE '2024-10-15', 'dateYearTwo' VALUE '', 'verification' VALUE ''),
            JSON_OBJECT('number' VALUE 3, 'topic' VALUE 'Assessment Strategies', 'dateYearOne' VALUE '', 'dateYearTwo' VALUE '', 'verification' VALUE ''),
            JSON_OBJECT('number' VALUE 4, 'topic' VALUE 'Technology Integration', 'dateYearOne' VALUE '', 'dateYearTwo' VALUE '', 'verification' VALUE '')
          ),
          'mentorMeetings' VALUE JSON_ARRAY(
            JSON_OBJECT('date' VALUE '2024-09-05', 'topic' VALUE 'First Week Reflection', 'dateYearOne' VALUE '2024-09-05', 'dateYearTwo' VALUE '', 'verification' VALUE 'RJ'),
            JSON_OBJECT('date' VALUE '2024-10-03', 'topic' VALUE 'Parent-Teacher Conferences Prep', 'dateYearOne' VALUE '2024-10-03', 'dateYearTwo' VALUE '', 'verification' VALUE 'RJ'),
            JSON_OBJECT('date' VALUE '2024-11-07', 'topic' VALUE 'Mid-semester Check-in', 'dateYearOne' VALUE '2024-11-07', 'dateYearTwo' VALUE '', 'verification' VALUE '')
          ),
          'teamMeetings' VALUE JSON_ARRAY(
            JSON_OBJECT('date' VALUE '2024-09-12', 'topic' VALUE 'Grade Level Planning', 'dateYearOne' VALUE '2024-09-12', 'dateYearTwo' VALUE '', 'verification' VALUE 'RJ'),
            JSON_OBJECT('date' VALUE '2024-10-10', 'topic' VALUE 'Data Analysis', 'dateYearOne' VALUE '2024-10-10', 'dateYearTwo' VALUE '', 'verification' VALUE '')
          ),
          'classroomVisits' VALUE JSON_ARRAY(
            JSON_OBJECT('date' VALUE '2024-09-20', 'teacher' VALUE 'Sarah Williams', 'subject' VALUE 'Reading Workshop', 'dateYearOne' VALUE '2024-09-20', 'dateYearTwo' VALUE '', 'verification' VALUE 'RJ'),
            JSON_OBJECT('date' VALUE '2024-10-18', 'teacher' VALUE 'Michael Davis', 'subject' VALUE 'Math Centers', 'dateYearOne' VALUE '2024-10-18', 'dateYearTwo' VALUE '', 'verification' VALUE '')
          ),
          'otherActivities' VALUE JSON_ARRAY(
            JSON_OBJECT('date' VALUE '2024-09-25', 'activity' VALUE 'Parent Night', 'dateYearOne' VALUE '2024-09-25', 'dateYearTwo' VALUE '', 'verification' VALUE 'RJ'),
            JSON_OBJECT('date' VALUE '2024-10-31', 'activity' VALUE 'Fall Carnival', 'dateYearOne' VALUE '2024-10-31', 'dateYearTwo' VALUE '', 'verification' VALUE '')
          ),
          'signatures' VALUE JSON_OBJECT(
            'mentorTeacher' VALUE '',
            'buildingPrincipal' VALUE '',
            'superintendent' VALUE '',
            'date' VALUE ''
          )
          RETURNING CLOB
        )
      END as json_data
    FROM users u
    LEFT JOIN teachers t ON t.users_dcid = u.dcid
    LEFT JOIN schools s ON s.school_number = t.schoolid
    LEFT JOIN u_tesd_teacher_induction_log induction_log ON induction_log.usersdcid = u.dcid
    WHERE u.teachernumber = 'mentee001'  -- This would be parameterized
      OR (u.teachernumber IS NULL AND u.dcid = (SELECT MIN(dcid) FROM users WHERE teachernumber LIKE 'mentee%'));
  ;]~(json_string)[/tlist_sql]
}
