{
  "userRole": "admin",
  "editable": {
    "inductee": false,
    "building": true,
    "assignment": true,
    "mentorTeacher": true,
    "schoolYearOne": true,
    "schoolYearTwo": true,
    "summerAcademy": true,
    "inductionSeminars": true,
    "mentorMeetings": true,
    "teamMeetings": true,
    "classroomVisits": true,
    "otherActivities": true,
    "signatures": true
  },
  "options":{
    "mentors": [],
    "buildings": [],
    "assignments": [],
    "schoolYears": [],
  },
  "data": ~[tlist_sql;
    SELECT json_string FROM U_TESD_Teacher_Induction_Log
    WHERE U_TESD_Teacher_Induction_Log.usersdcid = ( SELECT dcid FROM users WHERE teachernumber = '~(teachernumber)' )
;]~(json_string)[/tlist_sql]
}
